Date,<TIME>,RUB/USD
03/13/20,00:01:00,74.922
03/13/20,00:02:00,74.882
03/13/20,00:03:00,74.973
03/13/20,00:04:00,74.9605
03/13/20,00:05:00,74.893
03/13/20,00:09:00,74.969
03/13/20,00:10:00,74.9765
03/13/20,00:11:00,74.9637
03/13/20,00:12:00,74.976
03/13/20,00:15:00,75.0105
03/13/20,00:16:00,75.04
03/13/20,00:17:00,75.0278
03/13/20,00:20:00,75.0344
03/13/20,00:21:00,75.0112
03/13/20,00:22:00,74.9402
03/13/20,00:23:00,74.9178
03/13/20,00:24:00,74.9079
03/13/20,00:25:00,74.9047
03/13/20,00:26:00,74.9032
03/13/20,00:27:00,74.9017
03/13/20,00:28:00,74.9011
03/13/20,00:29:00,74.8909
03/13/20,00:30:00,74.9014
03/13/20,00:31:00,74.9065
03/13/20,00:33:00,74.8973
03/13/20,00:34:00,74.8952
03/13/20,00:35:00,74.895
03/13/20,00:37:00,74.8951
03/13/20,00:40:00,74.8618
03/13/20,00:41:00,74.8961
03/13/20,00:42:00,74.8926
03/13/20,00:43:00,74.8777
03/13/20,00:44:00,74.8783
03/13/20,00:45:00,74.8768
03/13/20,00:46:00,74.8761
03/13/20,00:47:00,74.876
03/13/20,00:48:00,74.8761
03/13/20,00:49:00,74.875
03/13/20,00:50:00,74.8754
03/13/20,00:51:00,74.8747
03/13/20,00:52:00,74.8912
03/13/20,00:54:00,74.8905
03/13/20,00:55:00,74.8905
03/13/20,00:56:00,74.8826
03/13/20,00:57:00,74.8826
03/13/20,00:58:00,74.8905
03/13/20,00:59:00,74.8904
03/13/20,01:00:00,74.8907
03/13/20,01:01:00,74.8791
03/13/20,01:02:00,74.8785
03/13/20,01:03:00,74.8802
03/13/20,01:04:00,74.8911
03/13/20,01:05:00,74.8837
03/13/20,01:06:00,74.8759
03/13/20,01:07:00,74.8738
03/13/20,01:08:00,74.8737
03/13/20,01:09:00,74.8759
03/13/20,01:10:00,74.8741
03/13/20,01:11:00,74.8744
03/13/20,01:12:00,74.8745
03/13/20,01:14:00,74.8748
03/13/20,01:15:00,74.8593
03/13/20,01:16:00,74.8611
03/13/20,01:17:00,74.8614
03/13/20,01:18:00,74.867
03/13/20,01:20:00,74.8797
03/13/20,01:21:00,74.8682
03/13/20,01:22:00,74.8851
03/13/20,01:24:00,74.8469
03/13/20,01:25:00,74.8748
03/13/20,01:26:00,74.8733
03/13/20,01:27:00,74.8851
03/13/20,01:28:00,74.8852
03/13/20,01:29:00,74.8741
03/13/20,01:30:00,74.8858
03/13/20,01:31:00,74.8848
03/13/20,01:32:00,74.8926
03/13/20,01:34:00,74.8925
03/13/20,01:35:00,74.8846
03/13/20,01:36:00,74.8847
03/13/20,01:37:00,74.8897
03/13/20,01:38:00,74.8889
03/13/20,01:39:00,74.8886
03/13/20,01:40:00,74.8821
03/13/20,01:41:00,74.8812
03/13/20,01:42:00,74.891
03/13/20,01:43:00,74.8906
03/13/20,01:44:00,74.8907
03/13/20,01:45:00,74.8824
03/13/20,01:46:00,74.8841
03/13/20,01:47:00,74.893
03/13/20,01:48:00,74.8929
03/13/20,01:49:00,74.8852
03/13/20,01:50:00,74.9172
03/13/20,01:51:00,74.8947
03/13/20,01:52:00,74.8958
03/13/20,01:53:00,74.8947
03/13/20,01:54:00,74.888
03/13/20,01:55:00,74.8871
03/13/20,01:56:00,74.888
03/13/20,01:57:00,74.8813
03/13/20,01:58:00,74.8806
03/13/20,01:59:00,74.8869
03/13/20,02:00:00,74.8864
03/13/20,02:01:00,74.8871
03/13/20,02:02:00,74.8799
03/13/20,02:03:00,74.9374
03/13/20,02:04:00,74.9458
03/13/20,02:05:00,74.9347
03/13/20,02:06:00,74.9352
03/13/20,02:07:00,74.9363
03/13/20,02:08:00,74.9418
03/13/20,02:09:00,74.9319
03/13/20,02:10:00,74.9249
03/13/20,02:11:00,74.9213
03/13/20,02:12:00,74.9183
03/13/20,02:13:00,74.918
03/13/20,02:14:00,74.9628
03/13/20,02:15:00,74.9624
03/13/20,02:16:00,74.9589
03/13/20,02:17:00,74.9595
03/13/20,02:18:00,74.964
03/13/20,02:19:00,74.9652
03/13/20,02:20:00,74.9645
03/13/20,02:21:00,74.964
03/13/20,02:22:00,74.9616
03/13/20,02:23:00,74.9622
03/13/20,02:24:00,74.935
03/13/20,02:25:00,74.9213
03/13/20,02:26:00,74.9138
03/13/20,02:27:00,74.9096
03/13/20,02:29:00,74.9104
03/13/20,02:30:00,74.9089
03/13/20,02:31:00,74.909
03/13/20,02:32:00,74.9103
03/13/20,02:33:00,74.9101
03/13/20,02:34:00,74.9096
03/13/20,02:35:00,74.9068
03/13/20,02:36:00,74.9068
03/13/20,02:37:00,74.9077
03/13/20,02:38:00,74.9073
03/13/20,02:39:00,74.9201
03/13/20,02:40:00,74.9056
03/13/20,02:41:00,74.9067
03/13/20,02:42:00,74.9094
03/13/20,02:43:00,74.9159
03/13/20,02:44:00,74.9131
03/13/20,02:45:00,74.9109
03/13/20,02:46:00,74.9108
03/13/20,02:47:00,74.911
03/13/20,02:48:00,74.9106
03/13/20,02:49:00,74.911
03/13/20,02:50:00,74.9097
03/13/20,02:51:00,74.9098
03/13/20,02:52:00,74.9138
03/13/20,02:53:00,74.9115
03/13/20,02:54:00,74.9103
03/13/20,02:55:00,74.9103
03/13/20,02:56:00,74.9922
03/13/20,02:57:00,74.9896
03/13/20,02:58:00,74.983
03/13/20,02:59:00,74.9831
03/13/20,03:01:00,74.9811
03/13/20,03:02:00,74.9828
03/13/20,03:03:00,74.9829
03/13/20,03:04:00,74.9828
03/13/20,03:05:00,74.9825
03/13/20,03:06:00,74.9824
03/13/20,03:07:00,74.9486
03/13/20,03:08:00,74.942
03/13/20,03:09:00,74.9396
03/13/20,03:10:00,74.943
03/13/20,03:11:00,74.9433
03/13/20,03:12:00,74.947
03/13/20,03:13:00,74.9493
03/13/20,03:14:00,74.9513
03/13/20,03:15:00,74.9451
03/13/20,03:16:00,74.9423
03/13/20,03:17:00,74.948
03/13/20,03:18:00,74.9479
03/13/20,03:19:00,74.9478
03/13/20,03:20:00,74.9425
03/13/20,03:21:00,74.9417
03/13/20,03:22:00,74.9466
03/13/20,03:23:00,74.9458
03/13/20,03:24:00,74.9332
03/13/20,03:25:00,74.9321
03/13/20,03:26:00,74.9146
03/13/20,03:27:00,74.9168
03/13/20,03:28:00,74.9514
03/13/20,03:29:00,74.9545
03/13/20,03:30:00,74.9308
03/13/20,03:31:00,74.9309
03/13/20,03:32:00,74.9303
03/13/20,03:33:00,74.9312
03/13/20,03:34:00,74.9312
03/13/20,03:35:00,74.9317
03/13/20,03:36:00,74.9317
03/13/20,03:37:00,74.9309
03/13/20,03:38:00,74.9336
03/13/20,03:39:00,74.9278
03/13/20,03:40:00,74.801
03/13/20,03:41:00,74.803
03/13/20,03:42:00,74.9066
03/13/20,03:43:00,74.9277
03/13/20,03:44:00,74.9134
03/13/20,03:45:00,74.9172
03/13/20,03:46:00,74.9285
03/13/20,03:47:00,74.9287
03/13/20,03:48:00,74.9567
03/13/20,03:49:00,74.9564
03/13/20,03:50:00,74.9562
03/13/20,03:51:00,74.9561
03/13/20,03:52:00,74.9543
03/13/20,03:53:00,74.9807
03/13/20,03:54:00,74.9763
03/13/20,03:55:00,74.9747
03/13/20,03:56:00,74.9889
03/13/20,03:57:00,74.851
03/13/20,03:58:00,75.0427
03/13/20,03:59:00,74.959
03/13/20,04:00:00,74.957
03/13/20,04:01:00,75.0389
03/13/20,04:02:00,74.955
03/13/20,04:03:00,75.0639
03/13/20,04:04:00,75.0554
03/13/20,04:05:00,74.744
03/13/20,04:06:00,74.9452
03/13/20,04:07:00,74.9302
03/13/20,04:08:00,74.9307
03/13/20,04:09:00,74.9298
03/13/20,04:10:00,74.9292
03/13/20,04:11:00,74.9305
03/13/20,04:12:00,74.9306
03/13/20,04:13:00,74.9445
03/13/20,04:14:00,74.9443
03/13/20,04:15:00,74.9458
03/13/20,04:16:00,74.947
03/13/20,04:17:00,74.9472
03/13/20,04:18:00,74.9485
03/13/20,04:19:00,74.825
03/13/20,04:20:00,74.9574
03/13/20,04:21:00,74.9548
03/13/20,04:22:00,74.802
03/13/20,04:23:00,74.9564
03/13/20,04:24:00,74.842
03/13/20,04:25:00,74.9745
03/13/20,04:27:00,74.801
03/13/20,04:28:00,74.9273
03/13/20,04:30:00,74.9693
03/13/20,04:31:00,74.801
03/13/20,04:32:00,74.9368
03/13/20,04:33:00,74.9273
03/13/20,04:34:00,74.928
03/13/20,04:35:00,74.9281
03/13/20,04:36:00,74.9283
03/13/20,04:37:00,74.9283
03/13/20,04:38:00,74.9273
03/13/20,04:39:00,74.9267
03/13/20,04:40:00,74.962
03/13/20,04:41:00,74.9266
03/13/20,04:42:00,74.802
03/13/20,04:44:00,74.842
03/13/20,04:45:00,74.869
03/13/20,04:46:00,74.9447
03/13/20,04:49:00,74.9447
03/13/20,04:50:00,74.9443
03/13/20,04:51:00,74.9492
03/13/20,04:52:00,74.9492
03/13/20,04:53:00,74.9446
03/13/20,04:54:00,74.9446
03/13/20,04:55:00,74.9436
03/13/20,04:56:00,74.9448
03/13/20,04:57:00,74.9447
03/13/20,04:58:00,74.9448
03/13/20,04:59:00,74.9447
03/13/20,05:00:00,75.0428
03/13/20,05:01:00,74.88
03/13/20,05:02:00,74.945
03/13/20,05:03:00,74.9454
03/13/20,05:04:00,74.9453
03/13/20,05:05:00,74.9457
03/13/20,05:06:00,74.9453
03/13/20,05:07:00,74.9449
03/13/20,05:08:00,74.868
03/13/20,05:09:00,74.9285
03/13/20,05:10:00,74.9297
03/13/20,05:11:00,74.9361
03/13/20,05:12:00,74.806
03/13/20,05:13:00,74.9265
03/13/20,05:14:00,74.9256
03/13/20,05:15:00,74.9266
03/13/20,05:16:00,74.806
03/13/20,05:17:00,74.9266
03/13/20,05:18:00,74.9266
03/13/20,05:19:00,74.9266
03/13/20,05:20:00,74.9037
03/13/20,05:21:00,74.9087
03/13/20,05:22:00,74.9097
03/13/20,05:23:00,74.9095
03/13/20,05:24:00,74.9094
03/13/20,05:25:00,74.9094
03/13/20,05:26:00,74.9104
03/13/20,05:27:00,74.9096
03/13/20,05:28:00,74.9102
03/13/20,05:29:00,74.9107
03/13/20,05:30:00,74.9124
03/13/20,05:31:00,74.9118
03/13/20,05:32:00,74.9112
03/13/20,05:33:00,74.912
03/13/20,05:34:00,74.9114
03/13/20,05:35:00,74.9118
03/13/20,05:36:00,74.9093
03/13/20,05:39:00,74.91
03/13/20,05:40:00,74.8668
03/13/20,05:41:00,74.9106
03/13/20,05:42:00,74.9103
03/13/20,05:43:00,74.9121
03/13/20,05:44:00,74.9117
03/13/20,05:45:00,74.9121
03/13/20,05:46:00,74.9112
03/13/20,05:47:00,74.909
03/13/20,05:48:00,74.9101
03/13/20,05:49:00,74.9094
03/13/20,05:50:00,74.9092
03/13/20,05:51:00,74.9094
03/13/20,05:52:00,74.9111
03/13/20,05:53:00,74.9102
03/13/20,05:54:00,74.9105
03/13/20,05:55:00,74.911
03/13/20,05:56:00,74.9106
03/13/20,05:57:00,74.9138
03/13/20,05:58:00,74.9128
03/13/20,05:59:00,74.9128
03/13/20,06:00:00,74.9131
03/13/20,06:01:00,74.747
03/13/20,06:02:00,74.9134
03/13/20,06:03:00,74.9135
03/13/20,06:04:00,74.9135
03/13/20,06:05:00,74.9151
03/13/20,06:06:00,74.9151
03/13/20,06:07:00,74.8795
03/13/20,06:08:00,74.63
03/13/20,06:09:00,74.8712
03/13/20,06:10:00,74.635
03/13/20,06:11:00,74.694
03/13/20,06:12:00,74.74
03/13/20,06:13:00,74.74
03/13/20,06:14:00,74.8577
03/13/20,06:15:00,74.748
03/13/20,06:16:00,74.8489
03/13/20,06:17:00,74.8629
03/13/20,06:18:00,74.8628
03/13/20,06:19:00,74.8618
03/13/20,06:20:00,74.738
03/13/20,06:21:00,74.77
03/13/20,06:22:00,74.7576
03/13/20,06:23:00,74.7536
03/13/20,06:24:00,74.7526
03/13/20,06:25:00,74.7542
03/13/20,06:27:00,74.7533
03/13/20,06:28:00,74.7804
03/13/20,06:29:00,74.7832
03/13/20,06:30:00,74.7837
03/13/20,06:31:00,74.7835
03/13/20,06:33:00,74.7831
03/13/20,06:34:00,74.8333
03/13/20,06:35:00,74.8333
03/13/20,06:37:00,74.8343
03/13/20,06:38:00,74.8348
03/13/20,06:39:00,74.8353
03/13/20,06:40:00,74.8631
03/13/20,06:41:00,74.8392
03/13/20,06:43:00,74.8412
03/13/20,06:44:00,74.8303
03/13/20,06:45:00,74.84
03/13/20,06:46:00,74.8045
03/13/20,06:47:00,74.806
03/13/20,06:48:00,74.8067
03/13/20,06:49:00,74.8071
03/13/20,06:50:00,74.8074
03/13/20,06:51:00,74.8074
03/13/20,06:52:00,74.8072
03/13/20,06:53:00,74.8078
03/13/20,06:54:00,74.808
03/13/20,06:55:00,74.8077
03/13/20,06:56:00,74.8075
03/13/20,06:57:00,74.8078
03/13/20,06:58:00,74.8079
03/13/20,06:59:00,74.8073
03/13/20,07:00:00,74.8659
03/13/20,07:01:00,74.596
03/13/20,07:02:00,74.8016
03/13/20,07:03:00,74.596
03/13/20,07:04:00,74.8021
03/13/20,07:05:00,74.802
03/13/20,07:06:00,74.8021
03/13/20,07:07:00,74.583
03/13/20,07:08:00,74.8027
03/13/20,07:09:00,74.8023
03/13/20,07:10:00,74.8022
03/13/20,07:11:00,74.8024
03/13/20,07:12:00,74.8021
03/13/20,07:13:00,74.596
03/13/20,07:14:00,74.8024
03/13/20,07:15:00,74.8496
03/13/20,07:17:00,74.8023
03/13/20,07:18:00,74.596
03/13/20,07:19:00,74.8021
03/13/20,07:20:00,74.5981
03/13/20,07:21:00,74.6073
03/13/20,07:22:00,74.5947
03/13/20,07:23:00,74.462
03/13/20,07:24:00,74.462
03/13/20,07:25:00,74.5859
03/13/20,07:26:00,74.502
03/13/20,07:27:00,74.5697
03/13/20,07:28:00,74.5686
03/13/20,07:29:00,74.538
03/13/20,07:30:00,74.5433
03/13/20,07:31:00,74.5382
03/13/20,07:32:00,74.5366
03/13/20,07:33:00,74.5376
03/13/20,07:34:00,74.5374
03/13/20,07:35:00,74.5366
03/13/20,07:36:00,74.5278
03/13/20,07:37:00,74.469
03/13/20,07:38:00,74.5195
03/13/20,07:39:00,74.5196
03/13/20,07:40:00,74.5246
03/13/20,07:41:00,74.5104
03/13/20,07:42:00,73.8911
03/13/20,07:43:00,74.154
03/13/20,07:44:00,74.1599
03/13/20,07:45:00,74.16
03/13/20,07:46:00,74.0616
03/13/20,07:47:00,74.223
03/13/20,07:48:00,74.2269
03/13/20,07:49:00,74.2184
03/13/20,07:50:00,74.1604
03/13/20,07:51:00,73.69
03/13/20,07:52:00,74.0719
03/13/20,07:53:00,74.0658
03/13/20,07:54:00,73.9094
03/13/20,07:55:00,73.9117
03/13/20,07:56:00,73.935
03/13/20,07:57:00,73.9217
03/13/20,07:58:00,73.9127
03/13/20,07:59:00,74.0927
03/13/20,08:00:00,74.0796
03/13/20,08:01:00,74.0878
03/13/20,08:02:00,74.0828
03/13/20,08:03:00,74.0867
03/13/20,08:04:00,74.0785
03/13/20,08:05:00,74.0889
03/13/20,08:06:00,74.0697
03/13/20,08:07:00,74.0056
03/13/20,08:08:00,74.0666
03/13/20,08:09:00,73.908
03/13/20,08:10:00,73.9826
03/13/20,08:11:00,73.982
03/13/20,08:12:00,74.0745
03/13/20,08:13:00,74.0795
03/13/20,08:14:00,74.0324
03/13/20,08:15:00,74.0249
03/13/20,08:16:00,74.0251
03/13/20,08:17:00,74.0352
03/13/20,08:18:00,74.0399
03/13/20,08:19:00,74.0262
03/13/20,08:20:00,74.0809
03/13/20,08:21:00,74.076
03/13/20,08:22:00,74.0764
03/13/20,08:23:00,74.0456
03/13/20,08:24:00,74.0506
03/13/20,08:25:00,74.0439
03/13/20,08:26:00,73.971
03/13/20,08:27:00,73.9334
03/13/20,08:28:00,73.942
03/13/20,08:29:00,73.9389
03/13/20,08:30:00,73.9281
03/13/20,08:31:00,73.94922
03/13/20,08:32:00,73.9219
03/13/20,08:33:00,73.9102
03/13/20,08:34:00,73.898
03/13/20,08:35:00,73.8963
03/13/20,08:36:00,73.8945
03/13/20,08:37:00,73.961
03/13/20,08:38:00,73.8978
03/13/20,08:39:00,73.92
03/13/20,08:40:00,73.8366
03/13/20,08:41:00,73.8214
03/13/20,08:42:00,73.8176
03/13/20,08:43:00,73.7042
03/13/20,08:44:00,73.7104
03/13/20,08:45:00,73.433
03/13/20,08:46:00,73.7179
03/13/20,08:47:00,73.7942
03/13/20,08:48:00,73.7871
03/13/20,08:49:00,73.7927
03/13/20,08:50:00,73.7819
03/13/20,08:51:00,73.7156
03/13/20,08:52:00,73.7606
03/13/20,08:53:00,73.7524
03/13/20,08:54:00,73.702
03/13/20,08:55:00,73.592
03/13/20,08:56:00,73.7549
03/13/20,08:57:00,73.7396
03/13/20,08:58:00,73.7685
03/13/20,08:59:00,73.709
03/13/20,09:00:00,73.698
03/13/20,09:01:00,73.7965
03/13/20,09:02:00,73.7918
03/13/20,09:03:00,73.7913
03/13/20,09:04:00,73.8448
03/13/20,09:05:00,73.8486
03/13/20,09:06:00,73.8487
03/13/20,09:07:00,73.8696
03/13/20,09:08:00,73.881
03/13/20,09:09:00,73.8787
03/13/20,09:10:00,73.8791
03/13/20,09:11:00,73.696
03/13/20,09:12:00,73.8358
03/13/20,09:13:00,73.8812
03/13/20,09:14:00,73.8811
03/13/20,09:15:00,73.8741
03/13/20,09:16:00,73.8761
03/13/20,09:17:00,73.8705
03/13/20,09:18:00,73.8768
03/13/20,09:19:00,73.8753
03/13/20,09:20:00,73.8764
03/13/20,09:21:00,73.8807
03/13/20,09:22:00,73.8763
03/13/20,09:23:00,73.8416
03/13/20,09:24:00,73.8407
03/13/20,09:25:00,73.8451
03/13/20,09:26:00,73.8598
03/13/20,09:27:00,73.8688
03/13/20,09:28:00,73.875
03/13/20,09:29:00,73.871
03/13/20,09:30:00,73.8707
03/13/20,09:31:00,73.799
03/13/20,09:32:00,74.0113
03/13/20,09:33:00,73.9385
03/13/20,09:34:00,73.9676
03/13/20,09:35:00,73.9703
03/13/20,09:36:00,73.9464
03/13/20,09:37:00,73.9486
03/13/20,09:38:00,73.9045
03/13/20,09:39:00,73.8971
03/13/20,09:40:00,73.9451
03/13/20,09:41:00,73.9034
03/13/20,09:42:00,73.939
03/13/20,09:43:00,73.9973
03/13/20,09:44:00,73.9732
03/13/20,09:45:00,74.015
03/13/20,09:46:00,73.9846
03/13/20,09:47:00,74.0122
03/13/20,09:48:00,74.0172
03/13/20,09:49:00,74.0277
03/13/20,09:50:00,74.0096
03/13/20,09:51:00,74.015
03/13/20,09:52:00,73.948
03/13/20,09:53:00,73.962
03/13/20,09:54:00,73.9891
03/13/20,09:55:00,74.014
03/13/20,09:56:00,73.9899
03/13/20,09:57:00,74.025
03/13/20,09:58:00,74.01146
03/13/20,09:59:00,73.992
03/13/20,10:00:00,74.011
03/13/20,10:01:00,73.7447
03/13/20,10:02:00,73.7484
03/13/20,10:03:00,73.8458
03/13/20,10:04:00,73.8412
03/13/20,10:05:00,73.8283
03/13/20,10:06:00,73.7205
03/13/20,10:07:00,73.6358
03/13/20,10:08:00,73.6311
03/13/20,10:09:00,73.7209
03/13/20,10:10:00,73.7268
03/13/20,10:11:00,73.77881
03/13/20,10:12:00,73.7496
03/13/20,10:13:00,73.74231
03/13/20,10:14:00,73.6868
03/13/20,10:15:00,73.639
03/13/20,10:16:00,73.4909
03/13/20,10:17:00,73.3678
03/13/20,10:18:00,73.4183
03/13/20,10:19:00,73.355
03/13/20,10:20:00,73.27481
03/13/20,10:21:00,73.29129
03/13/20,10:22:00,73.2759
03/13/20,10:23:00,73.2759
03/13/20,10:24:00,73.3507
03/13/20,10:25:00,73.36981
03/13/20,10:26:00,73.36381
03/13/20,10:27:00,73.2836
03/13/20,10:28:00,73.2242
03/13/20,10:29:00,73.2417
03/13/20,10:30:00,73.1333
03/13/20,10:31:00,73.1254
03/13/20,10:32:00,73.22022
03/13/20,10:33:00,73.1331
03/13/20,10:34:00,73.1322
03/13/20,10:35:00,73.14631
03/13/20,10:36:00,73.1272
03/13/20,10:37:00,73.14487
03/13/20,10:38:00,73.13341
03/13/20,10:39:00,73.20108
03/13/20,10:40:00,73.21438
03/13/20,10:41:00,73.158
03/13/20,10:42:00,73.11623
03/13/20,10:43:00,73.1158
03/13/20,10:44:00,73.0805
03/13/20,10:45:00,73.0273
03/13/20,10:46:00,72.986
03/13/20,10:47:00,72.8547
03/13/20,10:48:00,72.97168
03/13/20,10:49:00,72.9444
03/13/20,10:50:00,72.90139
03/13/20,10:51:00,72.7451
03/13/20,10:52:00,72.85481
03/13/20,10:53:00,72.8478
03/13/20,10:54:00,72.976
03/13/20,10:55:00,72.92394
03/13/20,10:56:00,72.8547
03/13/20,10:57:00,72.8106
03/13/20,10:58:00,72.8547
03/13/20,10:59:00,72.97943
03/13/20,11:00:00,72.97084
03/13/20,11:01:00,72.95567
03/13/20,11:02:00,72.882
03/13/20,11:03:00,72.8826
03/13/20,11:04:00,72.8888
03/13/20,11:05:00,72.93396
03/13/20,11:06:00,72.9721
03/13/20,11:07:00,72.9929
03/13/20,11:08:00,72.9663
03/13/20,11:09:00,73.014
03/13/20,11:10:00,73.16997
03/13/20,11:11:00,73.13941
03/13/20,11:12:00,73.0516
03/13/20,11:13:00,73.0616
03/13/20,11:14:00,73.07712
03/13/20,11:15:00,73.07795
03/13/20,11:16:00,72.9982
03/13/20,11:17:00,73.1082
03/13/20,11:18:00,73.0036
03/13/20,11:19:00,73.0569
03/13/20,11:20:00,73.098
03/13/20,11:21:00,73.12204
03/13/20,11:22:00,73.09631
03/13/20,11:23:00,73.0598
03/13/20,11:24:00,73.0622
03/13/20,11:25:00,73.09887
03/13/20,11:26:00,73.11519
03/13/20,11:27:00,73.19725
03/13/20,11:28:00,73.1857
03/13/20,11:29:00,73.19515
03/13/20,11:30:00,73.20826
03/13/20,11:31:00,73.1878
03/13/20,11:32:00,73.29
03/13/20,11:33:00,73.3006
03/13/20,11:34:00,73.29796
03/13/20,11:35:00,73.26943
03/13/20,11:36:00,73.23525
03/13/20,11:37:00,73.0975
03/13/20,11:38:00,73.1282
03/13/20,11:39:00,73.18
03/13/20,11:40:00,73.2174
03/13/20,11:41:00,73.21914
03/13/20,11:42:00,73.2477
03/13/20,11:43:00,73.2674
03/13/20,11:44:00,73.2667
03/13/20,11:45:00,73.2138
03/13/20,11:46:00,73.1607
03/13/20,11:47:00,73.1906
03/13/20,11:48:00,73.245
03/13/20,11:49:00,73.229
03/13/20,11:50:00,73.3463
03/13/20,11:51:00,73.279
03/13/20,11:52:00,73.2763
03/13/20,11:53:00,73.16686
03/13/20,11:54:00,73.126
03/13/20,11:55:00,73.1189
03/13/20,11:56:00,73.15171
03/13/20,11:57:00,73.08445
03/13/20,11:58:00,73.11266
03/13/20,11:59:00,73.1157
03/13/20,12:00:00,73.13566
03/13/20,12:01:00,73.09131
03/13/20,12:02:00,73.1117
03/13/20,12:03:00,73.118
03/13/20,12:04:00,73.0836
03/13/20,12:05:00,73.1166
03/13/20,12:06:00,73.12921
03/13/20,12:07:00,73.10939
03/13/20,12:08:00,73.0478
03/13/20,12:09:00,73.04232
03/13/20,12:10:00,73.02247
03/13/20,12:11:00,72.993
03/13/20,12:12:00,72.96631
03/13/20,12:13:00,72.9048
03/13/20,12:14:00,72.8897
03/13/20,12:15:00,72.8759
03/13/20,12:16:00,72.7804
03/13/20,12:17:00,72.9046
03/13/20,12:18:00,72.8779
03/13/20,12:19:00,72.83105
03/13/20,12:20:00,72.84319
03/13/20,12:21:00,72.8862
03/13/20,12:22:00,72.85207
03/13/20,12:23:00,72.87284
03/13/20,12:24:00,72.771
03/13/20,12:25:00,72.7275
03/13/20,12:26:00,72.75187
03/13/20,12:27:00,72.81584
03/13/20,12:28:00,72.8013
03/13/20,12:29:00,72.8546
03/13/20,12:30:00,72.7804
03/13/20,12:31:00,72.81258
03/13/20,12:32:00,72.8143
03/13/20,12:33:00,72.86
03/13/20,12:34:00,72.8069
03/13/20,12:35:00,72.822
03/13/20,12:36:00,72.79798
03/13/20,12:37:00,72.77704
03/13/20,12:38:00,72.6833
03/13/20,12:39:00,72.71655
03/13/20,12:40:00,72.6799
03/13/20,12:41:00,72.6482
03/13/20,12:42:00,72.5596
03/13/20,12:43:00,72.5802
03/13/20,12:44:00,72.68712
03/13/20,12:45:00,72.6219
03/13/20,12:46:00,72.672
03/13/20,12:47:00,72.7148
03/13/20,12:48:00,72.711
03/13/20,12:49:00,72.75971
03/13/20,12:50:00,72.7388
03/13/20,12:51:00,72.70511
03/13/20,12:52:00,72.6694
03/13/20,12:53:00,72.67682
03/13/20,12:54:00,72.68391
03/13/20,12:55:00,72.63677
03/13/20,12:56:00,72.62881
03/13/20,12:57:00,72.62807
03/13/20,12:58:00,72.7053
03/13/20,12:59:00,72.65298
03/13/20,13:00:00,72.70021
03/13/20,13:01:00,72.71969
03/13/20,13:02:00,72.7043
03/13/20,13:03:00,72.65579
03/13/20,13:04:00,72.6754
03/13/20,13:05:00,72.6717
03/13/20,13:06:00,72.7251
03/13/20,13:07:00,72.7842
03/13/20,13:08:00,72.7724
03/13/20,13:09:00,72.83389
03/13/20,13:10:00,72.83225
03/13/20,13:11:00,72.81381
03/13/20,13:12:00,72.77395
03/13/20,13:13:00,72.80693
03/13/20,13:14:00,72.8154
03/13/20,13:15:00,72.80781
03/13/20,13:16:00,72.7875
03/13/20,13:17:00,72.76751
03/13/20,13:18:00,72.7375
03/13/20,13:19:00,72.77597
03/13/20,13:20:00,72.77881
03/13/20,13:21:00,72.7282
03/13/20,13:22:00,72.7275
03/13/20,13:23:00,72.7645
03/13/20,13:24:00,72.7222
03/13/20,13:25:00,72.771
03/13/20,13:26:00,72.7975
03/13/20,13:27:00,72.7698
03/13/20,13:28:00,72.82401
03/13/20,13:29:00,72.7824
03/13/20,13:30:00,72.81131
03/13/20,13:31:00,72.7698
03/13/20,13:32:00,72.78225
03/13/20,13:33:00,72.7486
03/13/20,13:34:00,72.719
03/13/20,13:35:00,72.73
03/13/20,13:36:00,72.7275
03/13/20,13:37:00,72.7579
03/13/20,13:38:00,72.8257
03/13/20,13:39:00,72.8212
03/13/20,13:40:00,72.8653
03/13/20,13:41:00,72.85631
03/13/20,13:42:00,72.817
03/13/20,13:43:00,72.8941
03/13/20,13:44:00,72.947
03/13/20,13:45:00,72.9015
03/13/20,13:46:00,72.90614
03/13/20,13:47:00,72.89576
03/13/20,13:48:00,72.958
03/13/20,13:49:00,72.95251
03/13/20,13:50:00,72.8759
03/13/20,13:51:00,72.9312
03/13/20,13:52:00,72.95827
03/13/20,13:53:00,72.9212
03/13/20,13:54:00,72.8759
03/13/20,13:55:00,72.8759
03/13/20,13:56:00,72.89
03/13/20,13:57:00,72.8911
03/13/20,13:58:00,72.831
03/13/20,13:59:00,72.8398
03/13/20,14:00:00,72.8509
03/13/20,14:01:00,72.86797
03/13/20,14:02:00,72.9112
03/13/20,14:03:00,72.8706
03/13/20,14:04:00,72.90391
03/13/20,14:05:00,72.90062
03/13/20,14:06:00,72.87
03/13/20,14:07:00,72.93362
03/13/20,14:08:00,72.9106
03/13/20,14:09:00,72.93059
03/13/20,14:10:00,72.90156
03/13/20,14:11:00,72.9438
03/13/20,14:12:00,72.88881
03/13/20,14:13:00,72.7381
03/13/20,14:14:00,72.8175
03/13/20,14:15:00,72.84628
03/13/20,14:16:00,72.86679
03/13/20,14:17:00,72.86722
03/13/20,14:18:00,72.791
03/13/20,14:19:00,72.82205
03/13/20,14:20:00,72.86157
03/13/20,14:21:00,72.81958
03/13/20,14:22:00,72.8108
03/13/20,14:23:00,72.7894
03/13/20,14:24:00,72.77481
03/13/20,14:25:00,72.7504
03/13/20,14:26:00,72.6377
03/13/20,14:27:00,72.68663
03/13/20,14:28:00,72.6953
03/13/20,14:29:00,72.7068
03/13/20,14:30:00,72.72094
03/13/20,14:31:00,72.7301
03/13/20,14:32:00,72.73913
03/13/20,14:33:00,72.7438
03/13/20,14:34:00,72.7423
03/13/20,14:35:00,72.7355
03/13/20,14:36:00,72.7328
03/13/20,14:37:00,72.7872
03/13/20,14:38:00,72.77109
03/13/20,14:39:00,72.75051
03/13/20,14:40:00,72.77297
03/13/20,14:41:00,72.74381
03/13/20,14:42:00,72.7445
03/13/20,14:43:00,72.7313
03/13/20,14:44:00,72.72381
03/13/20,14:45:00,72.68839
03/13/20,14:46:00,72.73681
03/13/20,14:47:00,72.71231
03/13/20,14:48:00,72.66103
03/13/20,14:49:00,72.64381
03/13/20,14:50:00,72.65861
03/13/20,14:51:00,72.6488
03/13/20,14:52:00,72.6408
03/13/20,14:53:00,72.6685
03/13/20,14:54:00,72.6507
03/13/20,14:55:00,72.669
03/13/20,14:56:00,72.61288
03/13/20,14:57:00,72.5679
03/13/20,14:58:00,72.5797
03/13/20,14:59:00,72.5512
03/13/20,15:00:00,72.492
03/13/20,15:01:00,72.35314
03/13/20,15:02:00,72.34781
03/13/20,15:03:00,72.3205
03/13/20,15:04:00,72.242
03/13/20,15:05:00,72.32294
03/13/20,15:06:00,72.4724
03/13/20,15:07:00,72.4692
03/13/20,15:08:00,72.3643
03/13/20,15:09:00,72.38
03/13/20,15:10:00,72.353
03/13/20,15:11:00,72.32087
03/13/20,15:12:00,72.3733
03/13/20,15:13:00,72.388
03/13/20,15:14:00,72.35921
03/13/20,15:15:00,72.3888
03/13/20,15:16:00,72.36381
03/13/20,15:17:00,72.27282
03/13/20,15:18:00,72.1921
03/13/20,15:19:00,72.2128
03/13/20,15:20:00,72.2176
03/13/20,15:21:00,72.14045
03/13/20,15:22:00,72.2003
03/13/20,15:23:00,72.23841
03/13/20,15:24:00,72.27628
03/13/20,15:25:00,72.28212
03/13/20,15:26:00,72.2285
03/13/20,15:27:00,72.2809
03/13/20,15:28:00,72.29189
03/13/20,15:29:00,72.2754
03/13/20,15:30:00,72.2423
03/13/20,15:31:00,72.2749
03/13/20,15:32:00,72.265
03/13/20,15:33:00,72.2061
03/13/20,15:34:00,72.1366
03/13/20,15:35:00,72.1206
03/13/20,15:36:00,72.1463
03/13/20,15:37:00,72.1763
03/13/20,15:38:00,72.2321
03/13/20,15:39:00,72.20465
03/13/20,15:40:00,72.23099
03/13/20,15:41:00,72.1873
03/13/20,15:42:00,72.1976
03/13/20,15:43:00,72.1718
03/13/20,15:44:00,72.1149
03/13/20,15:45:00,72.0723
03/13/20,15:46:00,72.04951
03/13/20,15:47:00,72.09777
03/13/20,15:48:00,72.13759
03/13/20,15:49:00,72.205
03/13/20,15:50:00,72.1988
03/13/20,15:51:00,72.2738
03/13/20,15:52:00,72.265
03/13/20,15:53:00,72.3652
03/13/20,15:54:00,72.3487
03/13/20,15:55:00,72.3131
03/13/20,15:56:00,72.2513
03/13/20,15:57:00,72.2813
03/13/20,15:58:00,72.2823
03/13/20,15:59:00,72.2886
03/13/20,16:00:00,72.3101
03/13/20,16:01:00,72.382
03/13/20,16:02:00,72.329
03/13/20,16:03:00,72.416
03/13/20,16:04:00,72.4308
03/13/20,16:05:00,72.42381
03/13/20,16:06:00,72.49968
03/13/20,16:07:00,72.4311
03/13/20,16:08:00,72.5534
03/13/20,16:09:00,72.6392
03/13/20,16:10:00,72.6829
03/13/20,16:11:00,72.6324
03/13/20,16:12:00,72.6553
03/13/20,16:13:00,72.686
03/13/20,16:14:00,72.67594
03/13/20,16:15:00,72.67918
03/13/20,16:16:00,72.684
03/13/20,16:17:00,72.60131
03/13/20,16:18:00,72.5597
03/13/20,16:19:00,72.5683
03/13/20,16:20:00,72.5318
03/13/20,16:21:00,72.527
03/13/20,16:22:00,72.5342
03/13/20,16:23:00,72.49831
03/13/20,16:24:00,72.499
03/13/20,16:25:00,72.5394
03/13/20,16:26:00,72.5301
03/13/20,16:27:00,72.5335
03/13/20,16:28:00,72.5149
03/13/20,16:29:00,72.6035
03/13/20,16:30:00,72.56987
03/13/20,16:31:00,72.59894
03/13/20,16:32:00,72.5913
03/13/20,16:33:00,72.66381
03/13/20,16:34:00,72.64726
03/13/20,16:35:00,72.6852
03/13/20,16:36:00,72.89098
03/13/20,16:37:00,72.8771
03/13/20,16:38:00,72.8387
03/13/20,16:39:00,72.91518
03/13/20,16:40:00,72.9224
03/13/20,16:41:00,72.98851
03/13/20,16:42:00,73.05245
03/13/20,16:43:00,73.0089
03/13/20,16:44:00,73.0335
03/13/20,16:45:00,72.875
03/13/20,16:46:00,72.7988
03/13/20,16:47:00,72.74882
03/13/20,16:48:00,72.8274
03/13/20,16:49:00,72.8285
03/13/20,16:50:00,72.8334
03/13/20,16:51:00,72.8733
03/13/20,16:52:00,72.83321
03/13/20,16:53:00,72.869
03/13/20,16:54:00,72.9088
03/13/20,16:55:00,72.9963
03/13/20,16:56:00,72.9621
03/13/20,16:57:00,72.9807
03/13/20,16:58:00,73.0293
03/13/20,16:59:00,72.96198
03/13/20,17:00:00,72.9238
03/13/20,17:01:00,72.94166
03/13/20,17:02:00,72.8387
03/13/20,17:03:00,72.87279
03/13/20,17:04:00,72.84113
03/13/20,17:05:00,72.85351
03/13/20,17:06:00,72.8134
03/13/20,17:07:00,72.803
03/13/20,17:08:00,72.77235
03/13/20,17:09:00,72.6852
03/13/20,17:10:00,72.6745
03/13/20,17:11:00,72.698
03/13/20,17:12:00,72.6519
03/13/20,17:13:00,72.7021
03/13/20,17:14:00,72.7487
03/13/20,17:15:00,72.7647
03/13/20,17:16:00,72.7275
03/13/20,17:17:00,72.7682
03/13/20,17:18:00,72.71284
03/13/20,17:19:00,72.66451
03/13/20,17:20:00,72.6688
03/13/20,17:21:00,72.705
03/13/20,17:22:00,72.6588
03/13/20,17:23:00,72.5815
03/13/20,17:24:00,72.4383
03/13/20,17:25:00,72.44612
03/13/20,17:26:00,72.47551
03/13/20,17:27:00,72.51574
03/13/20,17:28:00,72.6168
03/13/20,17:29:00,72.6188
03/13/20,17:30:00,72.68456
03/13/20,17:31:00,72.6761
03/13/20,17:32:00,72.6798
03/13/20,17:33:00,72.7524
03/13/20,17:34:00,72.7146
03/13/20,17:35:00,72.75474
03/13/20,17:36:00,72.74935
03/13/20,17:37:00,72.74236
03/13/20,17:38:00,72.64044
03/13/20,17:39:00,72.6411
03/13/20,17:40:00,72.59161
03/13/20,17:41:00,72.65778
03/13/20,17:42:00,72.6717
03/13/20,17:43:00,72.77377
03/13/20,17:44:00,72.7463
03/13/20,17:45:00,72.8648
03/13/20,17:46:00,72.9295
03/13/20,17:47:00,72.9446
03/13/20,17:48:00,72.9457
03/13/20,17:49:00,72.9585
03/13/20,17:50:00,72.9036
03/13/20,17:51:00,72.8981
03/13/20,17:52:00,72.94185
03/13/20,17:53:00,72.92917
03/13/20,17:54:00,72.91808
03/13/20,17:55:00,72.89782
03/13/20,17:56:00,72.917
03/13/20,17:57:00,72.97334
03/13/20,17:58:00,73.0085
03/13/20,17:59:00,73.02646
03/13/20,18:00:00,73.05904
03/13/20,18:01:00,73.0646
03/13/20,18:02:00,72.9345
03/13/20,18:03:00,72.95111
03/13/20,18:04:00,72.93397
03/13/20,18:05:00,72.81617
03/13/20,18:06:00,72.895
03/13/20,18:07:00,72.86594
03/13/20,18:08:00,72.8588
03/13/20,18:09:00,72.85562
03/13/20,18:10:00,72.86236
03/13/20,18:11:00,73.0278
03/13/20,18:12:00,73.10331
03/13/20,18:13:00,73.0804
03/13/20,18:14:00,73.04076
03/13/20,18:15:00,72.9508
03/13/20,18:16:00,73.06069
03/13/20,18:17:00,73.06069
03/13/20,18:18:00,73.0692
03/13/20,18:19:00,73.11189
03/13/20,18:20:00,73.1537
03/13/20,18:21:00,73.1616
03/13/20,18:22:00,73.2225
03/13/20,18:23:00,73.1192
03/13/20,18:24:00,73.0799
03/13/20,18:25:00,73.21
03/13/20,18:26:00,73.28494
03/13/20,18:27:00,73.325
03/13/20,18:28:00,73.2704
03/13/20,18:29:00,73.172
03/13/20,18:30:00,73.24948
03/13/20,18:31:00,73.25196
03/13/20,18:32:00,73.2175
03/13/20,18:33:00,73.3363
03/13/20,18:34:00,73.4265
03/13/20,18:35:00,73.47751
03/13/20,18:36:00,73.45006
03/13/20,18:37:00,73.3741
03/13/20,18:38:00,73.372
03/13/20,18:39:00,73.42102
03/13/20,18:40:00,73.44526
03/13/20,18:41:00,73.52381
03/13/20,18:42:00,73.5891
03/13/20,18:43:00,73.625
03/13/20,18:44:00,73.5319
03/13/20,18:45:00,73.572
03/13/20,18:46:00,73.56
03/13/20,18:47:00,73.52661
03/13/20,18:48:00,73.5204
03/13/20,18:49:00,73.53204
03/13/20,18:50:00,73.543
03/13/20,18:51:00,73.52631
03/13/20,18:52:00,73.4884
03/13/20,18:53:00,73.47262
03/13/20,18:54:00,73.5019
03/13/20,18:55:00,73.50628
03/13/20,18:56:00,73.4788
03/13/20,18:57:00,73.467
03/13/20,18:58:00,73.4877
03/13/20,18:59:00,73.5487
03/13/20,19:00:00,73.5483
03/13/20,19:01:00,73.53997
03/13/20,19:02:00,73.578
03/13/20,19:03:00,73.596
03/13/20,19:04:00,73.5903
03/13/20,19:05:00,73.67372
03/13/20,19:06:00,73.661
03/13/20,19:07:00,73.6517
03/13/20,19:08:00,73.58381
03/13/20,19:09:00,73.5417
03/13/20,19:10:00,73.5588
03/13/20,19:11:00,73.61295
03/13/20,19:12:00,73.61507
03/13/20,19:13:00,73.6592
03/13/20,19:14:00,73.67149
03/13/20,19:15:00,73.61455
03/13/20,19:16:00,73.6028
03/13/20,19:17:00,73.55297
03/13/20,19:18:00,73.58011
03/13/20,19:19:00,73.4687
03/13/20,19:20:00,73.4166
03/13/20,19:21:00,73.3943
03/13/20,19:22:00,73.4606
03/13/20,19:23:00,73.5165
03/13/20,19:24:00,73.53763
03/13/20,19:25:00,73.57459
03/13/20,19:26:00,73.58712
03/13/20,19:27:00,73.562
03/13/20,19:28:00,73.5393
03/13/20,19:29:00,73.52286
03/13/20,19:30:00,73.51434
03/13/20,19:31:00,73.5363
03/13/20,19:32:00,73.4913
03/13/20,19:33:00,73.42881
03/13/20,19:34:00,73.27014
03/13/20,19:35:00,73.30378
03/13/20,19:36:00,73.365
03/13/20,19:37:00,73.36048
03/13/20,19:38:00,73.36142
03/13/20,19:39:00,73.413
03/13/20,19:40:00,73.39568
03/13/20,19:41:00,73.2818
03/13/20,19:42:00,73.27881
03/13/20,19:43:00,73.2
03/13/20,19:44:00,73.22098
03/13/20,19:45:00,73.14695
03/13/20,19:46:00,73.10557
03/13/20,19:47:00,73.23952
03/13/20,19:48:00,73.18355
03/13/20,19:49:00,73.16534
03/13/20,19:50:00,73.163
03/13/20,19:51:00,73.04802
03/13/20,19:52:00,73.0576
03/13/20,19:53:00,72.96459
03/13/20,19:54:00,73.0018
03/13/20,19:55:00,72.989
03/13/20,19:56:00,73.05518
03/13/20,19:57:00,73.07481
03/13/20,19:58:00,73.01
03/13/20,19:59:00,73.08613
03/13/20,20:00:00,73.14168
03/13/20,20:01:00,73.1199
03/13/20,20:02:00,72.99
03/13/20,20:03:00,73.05026
03/13/20,20:04:00,73.1692
03/13/20,20:05:00,73.28065
03/13/20,20:06:00,73.4107
03/13/20,20:07:00,73.3301
03/13/20,20:08:00,73.35671
03/13/20,20:09:00,73.34405
03/13/20,20:10:00,73.24122
03/13/20,20:11:00,73.25284
03/13/20,20:12:00,73.2414
03/13/20,20:13:00,73.1729
03/13/20,20:14:00,73.2227
03/13/20,20:15:00,73.27798
03/13/20,20:16:00,73.1959
03/13/20,20:17:00,73.1959
03/13/20,20:18:00,73.22792
03/13/20,20:19:00,73.2086
03/13/20,20:20:00,73.12273
03/13/20,20:21:00,73.1157
03/13/20,20:22:00,73.0886
03/13/20,20:23:00,73.2288
03/13/20,20:24:00,73.1734
03/13/20,20:25:00,73.19964
03/13/20,20:26:00,73.1309
03/13/20,20:27:00,73.1762
03/13/20,20:28:00,73.1782
03/13/20,20:29:00,73.18527
03/13/20,20:30:00,73.2269
03/13/20,20:31:00,73.24776
03/13/20,20:32:00,73.2296
03/13/20,20:33:00,73.2448
03/13/20,20:34:00,73.2587
03/13/20,20:35:00,73.26495
03/13/20,20:36:00,73.27678
03/13/20,20:37:00,73.30583
03/13/20,20:38:00,73.26302
03/13/20,20:39:00,73.26017
03/13/20,20:40:00,73.182
03/13/20,20:41:00,73.1585
03/13/20,20:42:00,73.20512
03/13/20,20:43:00,73.2315
03/13/20,20:44:00,73.25571
03/13/20,20:45:00,73.25842
03/13/20,20:46:00,73.2048
03/13/20,20:47:00,73.2374
03/13/20,20:48:00,73.202
03/13/20,20:49:00,73.18353
03/13/20,20:50:00,73.0783
03/13/20,20:51:00,73.0729
03/13/20,20:52:00,73.0844
03/13/20,20:53:00,73.16381
03/13/20,20:54:00,73.0932
03/13/20,20:55:00,73.13175
03/13/20,20:56:00,73.1688
03/13/20,20:57:00,73.105
03/13/20,20:58:00,73.11053
03/13/20,20:59:00,73.0984
03/13/20,21:00:00,73.0949
03/13/20,21:01:00,73.1157
03/13/20,21:02:00,73.15631
03/13/20,21:03:00,73.1317
03/13/20,21:04:00,73.15352
03/13/20,21:05:00,73.1317
03/13/20,21:06:00,73.0812
03/13/20,21:07:00,73.0905
03/13/20,21:08:00,73.1813
03/13/20,21:09:00,73.2121
03/13/20,21:10:00,73.1072
03/13/20,21:11:00,73.0783
03/13/20,21:12:00,73.1028
03/13/20,21:13:00,73.1336
03/13/20,21:14:00,73.1375
03/13/20,21:15:00,73.135
03/13/20,21:16:00,73.124
03/13/20,21:17:00,73.1157
03/13/20,21:18:00,73.1825
03/13/20,21:19:00,73.1997
03/13/20,21:20:00,73.19381
03/13/20,21:21:00,73.1756
03/13/20,21:22:00,73.245
03/13/20,21:23:00,73.222
03/13/20,21:24:00,73.2248
03/13/20,21:25:00,73.185
03/13/20,21:26:00,73.2488
03/13/20,21:27:00,73.21535
03/13/20,21:28:00,73.256
03/13/20,21:29:00,73.28152
03/13/20,21:30:00,73.25562
03/13/20,21:31:00,73.31489
03/13/20,21:32:00,73.3732
03/13/20,21:33:00,73.39707
03/13/20,21:34:00,73.35527
03/13/20,21:35:00,73.2925
03/13/20,21:36:00,73.2755
03/13/20,21:37:00,73.2933
03/13/20,21:38:00,73.3061
03/13/20,21:39:00,73.3082
03/13/20,21:40:00,73.3215
03/13/20,21:41:00,73.32341
03/13/20,21:42:00,73.3448
03/13/20,21:43:00,73.3457
03/13/20,21:44:00,73.1865
03/13/20,21:45:00,73.20528
03/13/20,21:46:00,73.20769
03/13/20,21:47:00,73.23307
03/13/20,21:48:00,73.21743
03/13/20,21:49:00,73.2206
03/13/20,21:50:00,73.20987
03/13/20,21:51:00,73.2486
03/13/20,21:52:00,73.2157
03/13/20,21:53:00,73.2152
03/13/20,21:54:00,73.2789
03/13/20,21:55:00,73.2709
03/13/20,21:56:00,73.1852
03/13/20,21:57:00,73.22347
03/13/20,21:58:00,73.2085
03/13/20,21:59:00,73.2008
03/13/20,22:00:00,73.24157
03/13/20,22:01:00,73.2369
03/13/20,22:02:00,73.1328
03/13/20,22:03:00,73.16819
03/13/20,22:04:00,73.1875
03/13/20,22:05:00,73.1097
03/13/20,22:06:00,73.0836
03/13/20,22:07:00,73.13123
03/13/20,22:08:00,73.13379
03/13/20,22:09:00,73.14807
03/13/20,22:10:00,73.087
03/13/20,22:11:00,73.09951
03/13/20,22:12:00,73.0722
03/13/20,22:13:00,73.1046
03/13/20,22:14:00,73.11633
03/13/20,22:15:00,73.068
03/13/20,22:16:00,73.0868
03/13/20,22:17:00,73.0868
03/13/20,22:18:00,73.07227
03/13/20,22:19:00,73.07182
03/13/20,22:20:00,72.9965
03/13/20,22:21:00,73.0002
03/13/20,22:22:00,72.8287
03/13/20,22:23:00,72.73826
03/13/20,22:24:00,72.7919
03/13/20,22:25:00,72.78636
03/13/20,22:26:00,72.79606
03/13/20,22:27:00,72.8407
03/13/20,22:28:00,72.8438
03/13/20,22:29:00,72.8371
03/13/20,22:30:00,72.83608
03/13/20,22:31:00,72.8059
03/13/20,22:32:00,72.8016
03/13/20,22:33:00,72.925
03/13/20,22:34:00,73.1745
03/13/20,22:35:00,73.01342
03/13/20,22:36:00,72.88381
03/13/20,22:37:00,72.794
03/13/20,22:38:00,72.9119
03/13/20,22:39:00,72.6958
03/13/20,22:40:00,72.84181
03/13/20,22:41:00,72.824
03/13/20,22:42:00,72.8457
03/13/20,22:43:00,72.80206
03/13/20,22:44:00,72.76223
03/13/20,22:45:00,72.815
03/13/20,22:46:00,72.89459
03/13/20,22:47:00,72.89011
03/13/20,22:48:00,72.7957
03/13/20,22:49:00,72.79226
03/13/20,22:50:00,72.69071
03/13/20,22:51:00,72.643
03/13/20,22:52:00,72.62783
03/13/20,22:53:00,72.4405
03/13/20,22:54:00,72.204
03/13/20,22:55:00,72.2754
03/13/20,22:56:00,72.2232
03/13/20,22:57:00,72.2555
03/13/20,22:58:00,72.26881
03/13/20,22:59:00,72.2757
03/13/20,23:00:00,72.19276
03/13/20,23:01:00,72.16638
03/13/20,23:02:00,72.22808
03/13/20,23:03:00,72.2248
03/13/20,23:04:00,72.2075
03/13/20,23:05:00,72.216
03/13/20,23:06:00,72.2306
03/13/20,23:07:00,72.231
03/13/20,23:08:00,72.1587
03/13/20,23:09:00,72.14825
03/13/20,23:10:00,72.16205
03/13/20,23:11:00,72.2034
03/13/20,23:12:00,72.18574
03/13/20,23:13:00,72.18783
03/13/20,23:14:00,72.19141
03/13/20,23:15:00,72.19457
03/13/20,23:16:00,72.2391
03/13/20,23:17:00,72.27857
03/13/20,23:18:00,72.27057
03/13/20,23:19:00,72.4088
03/13/20,23:20:00,72.386
03/13/20,23:21:00,72.40485
03/13/20,23:22:00,72.4098
03/13/20,23:23:00,72.4043
03/13/20,23:24:00,72.39981
03/13/20,23:25:00,72.36918
03/13/20,23:26:00,72.365
03/13/20,23:27:00,72.39581
03/13/20,23:28:00,72.39181
03/13/20,23:29:00,72.39281
03/13/20,23:30:00,72.372
03/13/20,23:31:00,72.49881
03/13/20,23:32:00,72.4838
03/13/20,23:33:00,72.49131
03/13/20,23:34:00,72.5038
03/13/20,23:35:00,72.497
03/13/20,23:36:00,72.50081
03/13/20,23:37:00,72.5634
03/13/20,23:38:00,72.5863
03/13/20,23:39:00,72.57645
03/13/20,23:40:00,72.59
03/13/20,23:41:00,72.58765
03/13/20,23:42:00,72.59631
03/13/20,23:43:00,72.5925
03/13/20,23:44:00,72.5914
03/13/20,23:45:00,72.5923
03/13/20,23:46:00,72.5988
03/13/20,23:47:00,72.547
03/13/20,23:48:00,72.55381
03/13/20,23:49:00,72.5884
03/13/20,23:50:00,72.5925
03/13/20,23:51:00,72.212
03/13/20,23:52:00,72.21
03/13/20,23:53:00,72.4012
03/13/20,23:54:00,72.3848
03/13/20,23:55:00,72.416
03/13/20,23:56:00,72.449
03/13/20,23:57:00,72.4311
03/13/20,23:58:00,72.4308
03/13/20,23:59:00,72.264
03/14/20,00:00:00,72.455
03/14/20,00:05:00,72.4253
03/14/20,00:10:00,72.4305
03/14/20,00:15:00,72.4305
03/14/20,00:20:00,72.4305
03/14/20,00:25:00,72.4305
03/14/20,00:30:00,72.4305
03/14/20,00:35:00,72.4305
